wall_time,ros_time,mode,gps_lat,gps_lon,gps_status,ekf_x,ekf_y,ekf_yaw,cmd_v,cmd_w,heading_offset_deg,bootstrap_done,heading_resync_count,moving_away_events,goal_id,goal_status
1779048582.879,1779048582.878,???,37.2300368,-80.4250020,0,+nan,+nan,+nan,+0.000,+0.000,-9.90,0,0,0,,
1779048583.079,1779048583.078,???,37.2300368,-80.4250020,0,+nan,+nan,+nan,+0.000,+0.000,-9.90,0,0,0,,
1779048583.779,1779048583.778,???,37.2300387,-80.4250155,0,+nan,+nan,+nan,+0.000,+0.000,-9.90,0,0,0,,
1779048583.979,1779048583.978,???,37.2300387,-80.4250155,0,+nan,+nan,+nan,+0.000,+0.000,-9.90,0,0,0,,
1779048586.879,1779048586.878,???,37.2300385,-80.4250160,0,+nan,+nan,+nan,+0.000,+0.000,-9.90,0,0,0,,
1779048587.079,1779048587.078,AUTO,37.2300385,-80.4250160,0,+nan,+nan,+nan,+0.000,+0.000,-9.90,0,0,0,,
1779048589.873,1779048587.078,AUTO,37.2300385,-80.4250160,0,+nan,+nan,+nan,+0.000,+0.000,-9.90,0,0,0,67817327,ACCEPTED
1779048589.925,1779048587.078,AUTO,37.2300385,-80.4250160,0,+nan,+nan,+nan,+0.000,+0.000,-9.90,0,0,0,67817327,EXECUTING
1779048590.079,1779048590.078,AUTO,37.2300383,-80.4250158,0,+nan,+nan,+nan,+0.000,+0.000,-9.90,0,0,0,,
1779048590.279,1779048590.278,AUTO,37.2300383,-80.4250158,0,+nan,+nan,+nan,+0.000,+0.000,-9.90,0,0,0,,
1779048593.583,1779048593.582,AUTO,37.2300385,-80.4250140,0,+nan,+nan,+nan,+0.000,+0.537,-9.90,0,0,0,,
1779048593.780,1779048593.779,AUTO,37.2300385,-80.4250140,0,+nan,+nan,+nan,+0.000,+0.537,-9.90,0,0,0,,
1779048596.680,1779048596.679,AUTO,37.2300388,-80.4250135,0,+nan,+nan,+nan,+0.000,+0.480,-9.90,0,0,0,,
1779048596.880,1779048596.878,AUTO,37.2300388,-80.4250135,0,+nan,+nan,+nan,+0.000,+0.480,-9.90,0,0,0,,
1779048599.780,1779048599.778,AUTO,37.2300398,-80.4250133,0,+nan,+nan,+nan,+0.000,+0.537,-9.90,0,0,0,,
1779048599.979,1779048599.978,AUTO,37.2300398,-80.4250133,0,+nan,+nan,+nan,+0.000,+0.537,-9.90,0,0,0,,
1779048602.880,1779048602.879,AUTO,37.2300405,-80.4250138,0,+nan,+nan,+nan,+0.000,+0.480,-9.90,0,0,0,,
1779048603.080,1779048603.078,AUTO,37.2300405,-80.4250138,0,+nan,+nan,+nan,+0.000,+0.480,-9.90,0,0,0,,
1779048604.380,1779048604.378,AUTO,37.2300407,-80.4250187,0,+nan,+nan,+nan,+0.000,+0.537,-9.90,0,0,0,,
1779048604.580,1779048604.578,AUTO,37.2300407,-80.4250187,0,+nan,+nan,+nan,+0.000,+0.537,-9.90,0,0,0,,
1779048607.480,1779048607.479,AUTO,37.2300402,-80.4250188,0,+nan,+nan,+nan,+0.000,+0.480,-9.90,0,0,0,,
1779048607.680,1779048607.679,AUTO,37.2300402,-80.4250188,0,+nan,+nan,+nan,+0.000,+0.480,-9.90,0,0,0,,
1779048610.580,1779048610.579,AUTO,37.2300397,-80.4250190,0,+nan,+nan,+nan,+0.000,+0.480,-9.90,0,0,0,,
1779048610.780,1779048610.779,AUTO,37.2300397,-80.4250190,0,+nan,+nan,+nan,+0.000,+0.537,-9.90,0,0,0,,
1779048614.285,1779048614.283,AUTO,37.2300417,-80.4250125,0,+nan,+nan,+nan,+0.000,+0.480,-9.90,0,0,0,,
1779048614.480,1779048614.479,AUTO,37.2300417,-80.4250125,0,+nan,+nan,+nan,+0.000,+0.480,-9.90,0,0,0,,
1779048617.380,1779048617.379,AUTO,37.2300425,-80.4250127,0,+nan,+nan,+nan,-0.050,+0.000,-9.90,0,0,0,,
1779048617.580,1779048617.579,AUTO,37.2300425,-80.4250127,0,+nan,+nan,+nan,-0.050,+0.000,-9.90,0,0,0,,
1779048620.480,1779048620.479,AUTO,37.2300435,-80.4250128,0,+nan,+nan,+nan,-0.050,+0.000,-9.90,0,0,0,,
1779048620.681,1779048620.679,AUTO,37.2300435,-80.4250128,0,+nan,+nan,+nan,-0.050,+0.000,-9.90,0,0,0,,
1779048624.680,1779048624.679,AUTO,37.2300455,-80.4250120,0,+nan,+nan,+nan,-0.050,+0.000,-9.90,0,0,0,,
1779048624.880,1779048624.879,AUTO,37.2300455,-80.4250120,0,+nan,+nan,+nan,-0.050,+0.000,-9.90,0,0,0,,
1779048627.581,1779048627.579,AUTO,37.2300457,-80.4250113,0,+nan,+nan,+nan,+0.000,+0.537,-9.90,0,0,0,,
1779048627.780,1779048627.779,AUTO,37.2300457,-80.4250113,0,+nan,+nan,+nan,+0.000,+0.537,-9.90,0,0,0,,
1779048630.481,1779048630.479,AUTO,37.2300458,-80.4250110,0,+nan,+nan,+nan,+0.000,+0.537,-9.90,0,0,0,,
1779048630.681,1779048630.679,AUTO,37.2300458,-80.4250110,0,+nan,+nan,+nan,+0.000,+0.480,-9.90,0,0,0,,
1779048634.681,1779048634.680,AUTO,37.2300475,-80.4250143,0,+nan,+nan,+nan,+0.000,+0.480,-9.90,0,0,0,,
1779048634.881,1779048634.879,AUTO,37.2300475,-80.4250143,0,+nan,+nan,+nan,+0.000,+0.424,-9.90,0,0,0,,
1779048637.582,1779048637.581,AUTO,37.2300472,-80.4250142,0,+nan,+nan,+nan,+0.000,+0.480,-9.90,0,0,0,,
1779048637.781,1779048637.780,AUTO,37.2300472,-80.4250142,0,+nan,+nan,+nan,+0.000,+0.480,-9.90,0,0,0,,
1779048640.581,1779048640.580,AUTO,37.2300468,-80.4250137,0,+nan,+nan,+nan,+0.000,+0.480,-9.90,0,0,0,,
1779048640.781,1779048640.780,AUTO,37.2300468,-80.4250137,0,+nan,+nan,+nan,+0.000,+0.537,-9.90,0,0,0,,
1779048644.081,1779048644.080,AUTO,37.2300485,-80.4250080,0,+nan,+nan,+nan,+0.000,+0.480,-9.90,0,0,0,,
1779048644.281,1779048644.280,AUTO,37.2300485,-80.4250080,0,+nan,+nan,+nan,+0.000,+0.480,-9.90,0,0,0,,
1779048647.082,1779048647.080,AUTO,37.2300490,-80.4250083,0,+nan,+nan,+nan,+0.000,+0.480,-9.90,0,0,0,,
1779048647.282,1779048647.280,AUTO,37.2300490,-80.4250083,0,+nan,+nan,+nan,+0.000,+0.480,-9.90,0,0,0,,
1779048650.081,1779048650.080,AUTO,37.2300495,-80.4250087,0,+nan,+nan,+nan,+0.000,+0.537,-9.90,0,0,0,,
1779048650.281,1779048650.280,AUTO,37.2300495,-80.4250087,0,+nan,+nan,+nan,+0.000,+0.480,-9.90,0,0,0,,
1779048653.683,1779048653.681,AUTO,37.2300512,-80.4250123,0,+nan,+nan,+nan,+0.000,+0.424,-9.90,0,0,0,,
1779048653.882,1779048653.880,AUTO,37.2300512,-80.4250123,0,+nan,+nan,+nan,+0.000,+0.480,-9.90,0,0,0,,
1779048656.781,1779048656.780,AUTO,37.2300512,-80.4250127,0,+nan,+nan,+nan,+0.000,+0.537,-9.90,0,0,0,,
1779048656.981,1779048656.980,AUTO,37.2300512,-80.4250127,0,+nan,+nan,+nan,+0.000,+0.480,-9.90,0,0,0,,
1779048659.887,1779048659.886,AUTO,37.2300508,-80.4250125,0,+nan,+nan,+nan,+0.000,+0.480,-9.90,0,0,0,,
1779048660.082,1779048660.080,AUTO,37.2300508,-80.4250125,0,+nan,+nan,+nan,+0.000,+0.480,-9.90,0,0,0,,
1779048662.982,1779048662.980,AUTO,37.2300503,-80.4250118,0,+nan,+nan,+nan,+0.000,+0.537,-9.90,0,0,0,,
1779048663.182,1779048663.181,AUTO,37.2300503,-80.4250118,0,+nan,+nan,+nan,+0.000,+0.537,-9.90,0,0,0,,
1779048663.782,1779048663.780,AUTO,37.2300547,-80.4250083,0,+nan,+nan,+nan,+0.000,+0.537,-9.90,0,0,0,,
1779048663.982,1779048663.980,AUTO,37.2300547,-80.4250083,0,+nan,+nan,+nan,+0.000,+0.537,-9.90,0,0,0,,
1779048666.882,1779048666.881,AUTO,37.2300553,-80.4250088,0,+nan,+nan,+nan,+0.000,+0.480,-9.90,0,0,0,,
1779048667.082,1779048667.081,AUTO,37.2300553,-80.4250088,0,+nan,+nan,+nan,+0.000,+0.480,-9.90,0,0,0,,
1779048670.083,1779048670.081,MAN,37.2300558,-80.4250093,0,+nan,+nan,+nan,+0.000,+0.480,-9.90,0,0,0,,
1779048670.282,1779048670.281,MAN,37.2300558,-80.4250093,0,+nan,+nan,+nan,+0.000,+0.480,-9.90,0,0,0,,
1779048674.182,1779048674.181,MAN,37.2300555,-80.4250088,0,+nan,+nan,+nan,+0.000,+0.000,-9.90,0,0,0,,
1779048674.387,1779048674.384,MAN,37.2300555,-80.4250088,0,+nan,+nan,+nan,+0.000,+0.000,-9.90,0,0,0,,
1779048677.383,1779048677.382,MAN,37.2300552,-80.4250090,0,+nan,+nan,+nan,+0.000,+0.000,-9.90,0,0,0,,
1779048677.583,1779048677.581,MAN,37.2300552,-80.4250090,0,+nan,+nan,+nan,+0.000,+0.000,-9.90,0,0,0,,
1779048679.957,1779048677.581,MAN,37.2300552,-80.4250090,0,+nan,+nan,+nan,+0.000,+0.593,-9.90,0,0,0,67817327,CANCELING
1779048680.437,1779048677.581,MAN,37.2300552,-80.4250090,0,+nan,+nan,+nan,+0.000,+0.593,-9.90,0,0,0,67817327,CANCELED
1779048680.583,1779048680.581,MAN,37.2300548,-80.4250088,0,+nan,+nan,+nan,+0.000,+0.593,-9.90,0,0,0,,
1779048680.782,1779048680.781,MAN,37.2300548,-80.4250088,0,+nan,+nan,+nan,+0.000,+0.593,-9.90,0,0,0,,
1779048683.283,1779048683.281,MAN,37.2300558,-80.4250110,0,+nan,+nan,+nan,+0.000,+0.593,-9.90,0,0,0,,
1779048683.484,1779048683.483,MAN,37.2300558,-80.4250110,0,+nan,+nan,+nan,+0.000,+0.593,-9.90,0,0,0,,
1779048686.383,1779048686.382,MAN,37.2300558,-80.4250112,0,+nan,+nan,+nan,+0.000,+0.593,-9.90,0,0,0,,
1779048686.585,1779048686.581,MAN,37.2300558,-80.4250112,0,+nan,+nan,+nan,+0.000,+0.593,-9.90,0,0,0,,
1779048689.383,1779048689.381,MAN,37.2300557,-80.4250112,0,+nan,+nan,+nan,+0.000,+0.593,-9.90,0,0,0,,
1779048689.583,1779048689.581,MAN,37.2300557,-80.4250112,0,+nan,+nan,+nan,+0.000,+0.593,-9.90,0,0,0,,
1779048692.383,1779048692.382,MAN,37.2300558,-80.4250112,0,+nan,+nan,+nan,+0.000,+0.593,-9.90,0,0,0,,
1779048692.583,1779048692.582,MAN,37.2300558,-80.4250112,0,+nan,+nan,+nan,+0.000,+0.593,-9.90,0,0,0,,
1779048695.783,1779048695.782,MAN,37.2300553,-80.4250115,0,+nan,+nan,+nan,+0.000,+0.490,-9.90,0,0,0,,
1779048695.983,1779048695.982,MAN,37.2300553,-80.4250115,0,+nan,+nan,+nan,+0.000,+0.593,-9.90,0,0,0,,
1779048698.888,1779048698.886,MAN,37.2300547,-80.4250090,0,+nan,+nan,+nan,+0.000,+0.537,-9.90,0,0,0,,
1779048699.083,1779048699.082,MAN,37.2300547,-80.4250090,0,+nan,+nan,+nan,+0.000,+0.480,-9.90,0,0,0,,
1779048701.883,1779048701.882,MAN,37.2300515,-80.4250052,0,+nan,+nan,+nan,+0.000,+0.593,-9.90,0,0,0,,
1779048702.083,1779048702.082,MAN,37.2300515,-80.4250052,0,+nan,+nan,+nan,+0.000,+0.593,-9.90,0,0,0,,
1779048704.103,1779048704.102,MAN,37.2300437,-80.4249960,0,+nan,+nan,+nan,-0.050,+0.000,-9.90,0,0,0,,
1779048704.283,1779048704.282,MAN,37.2300437,-80.4249960,0,+nan,+nan,+nan,-0.050,+0.000,-9.90,0,0,0,,
1779048707.183,1779048707.182,MAN,37.2300433,-80.4249960,0,+nan,+nan,+nan,-0.050,+0.000,-9.90,0,0,0,,
1779048707.383,1779048707.382,MAN,37.2300433,-80.4249960,0,+nan,+nan,+nan,-0.050,+0.000,-9.90,0,0,0,,
1779048710.284,1779048710.283,MAN,37.2300430,-80.4249960,0,+nan,+nan,+nan,-0.050,+0.000,-9.90,0,0,0,,
1779048710.483,1779048710.482,MAN,37.2300430,-80.4249960,0,+nan,+nan,+nan,-0.050,+0.000,-9.90,0,0,0,,
1779048713.384,1779048713.383,MAN,37.2300428,-80.4249960,0,+nan,+nan,+nan,+0.000,+0.593,-9.90,0,0,0,,
1779048713.584,1779048713.583,MAN,37.2300428,-80.4249960,0,+nan,+nan,+nan,+0.000,+0.593,-9.90,0,0,0,,
1779048716.084,1779048716.082,MAN,37.2300425,-80.4249972,0,+nan,+nan,+nan,+0.000,+0.593,-9.90,0,0,0,,
1779048716.284,1779048716.282,MAN,37.2300425,-80.4249972,0,+nan,+nan,+nan,+0.000,+0.593,-9.90,0,0,0,,
1779048719.094,1779048719.082,MAN,37.2300425,-80.4249972,0,+nan,+nan,+nan,+0.000,+0.593,-9.90,0,0,0,,
1779048719.287,1779048719.286,MAN,37.2300425,-80.4249972,0,+nan,+nan,+nan,+0.000,+0.593,-9.90,0,0,0,,
1779048722.184,1779048722.182,MAN,37.2300423,-80.4249977,0,+nan,+nan,+nan,+0.000,+0.593,-9.90,0,0,0,,
1779048722.384,1779048722.383,MAN,37.2300423,-80.4249977,0,+nan,+nan,+nan,+0.000,+0.593,-9.90,0,0,0,,
1779048726.184,1779048726.183,MAN,37.2300430,-80.4249995,0,+nan,+nan,+nan,+0.000,+0.593,-9.90,0,0,0,,
1779048726.385,1779048726.383,MAN,37.2300430,-80.4249995,0,+nan,+nan,+nan,+0.000,+0.593,-9.90,0,0,0,,
1779048729.485,1779048729.483,MAN,37.2300430,-80.4249995,0,+nan,+nan,+nan,+0.000,+0.593,-9.90,0,0,0,,
1779048729.684,1779048729.683,MAN,37.2300430,-80.4249995,0,+nan,+nan,+nan,+0.000,+0.593,-9.90,0,0,0,,
1779048732.784,1779048732.783,MAN,37.2300430,-80.4249998,0,+nan,+nan,+nan,+0.000,+0.593,-9.90,0,0,0,,
1779048732.984,1779048732.983,MAN,37.2300430,-80.4249998,0,+nan,+nan,+nan,+0.000,+0.593,-9.90,0,0,0,,
1779048735.184,1779048735.183,MAN,37.2300432,-80.4250002,0,+nan,+nan,+nan,+0.000,+0.593,-9.90,0,0,0,,
1779048735.385,1779048735.383,MAN,37.2300432,-80.4250002,0,+nan,+nan,+nan,+0.000,+0.593,-9.90,0,0,0,,
1779048738.285,1779048738.283,MAN,37.2300435,-80.4249997,0,+nan,+nan,+nan,+0.000,+0.593,-9.90,0,0,0,,
1779048738.484,1779048738.483,MAN,37.2300435,-80.4249997,0,+nan,+nan,+nan,+0.000,+0.593,-9.90,0,0,0,,
1779048741.285,1779048741.283,MAN,37.2300437,-80.4249993,0,+nan,+nan,+nan,+0.000,+0.593,-9.90,0,0,0,,
1779048741.485,1779048741.483,MAN,37.2300437,-80.4249993,0,+nan,+nan,+nan,+0.000,+0.593,-9.90,0,0,0,,
